<?xml version="1.0" encoding="UTF-8" standalone="yes"?>
<addon id="repository.bugatsinho" name=" Bugatsinho repository" version="2.4" provider-name="Bugatsinho">
    <extension point="xbmc.addon.repository" name="Bugatsinho repository">
        <info compressed="false">https://raw.githubusercontent.com/bugatsinho/bugatsinho.github.io/master/addons.xml</info>
        <checksum>https://raw.githubusercontent.com/bugatsinho/bugatsinho.github.io/master/addons.xml.md5</checksum>
        <datadir zip="true">https://raw.githubusercontent.com/bugatsinho/bugatsinho.github.io/master/_zips</datadir>
        <hashes>false</hashes>
        <dir>
            <info compressed="false">https://raw.githubusercontent.com/Twilight0/repo.twilight0.libs/master/_zips/addons.xml</info>
            <checksum>https://raw.githubusercontent.com/Twilight0/repo.twilight0.libs/master/_zips/addons.xml.md5</checksum>
            <datadir zip="true">https://raw.githubusercontent.com/Twilight0/repo.twilight0.libs/master/_zips/</datadir>
        </dir>
    </extension>
    <extension point="xbmc.addon.metadata">
        <summary>Bugatsinho repository</summary>
        <description>¡Este repositorio contiene complementos en griego, español y otros! ¡Lea primero la descripción de cada complemento!</description>
        <platform>all</platform>
    </extension>
</addon>
