{
    "active": true,
    "adult": false,
    "categories": [
        "movie",
        "tvshow"
    ],
    "changes": [
        {
            "date": "26/08/2020",
            "description": "Mejoras en la detección de idiomas"
        },
        {
            "date": "05/05/2020",
            "description": "Primera versión"
        }
    ],
    "id": "dospelis",
    "min_version": {
        "main": "2.0",
        "python": "2.7.9"
    },
    "name": "DosPelis",
    "search": {
        "tvshow": {
            "action": "search",
            "content_type": "tvshows"
        },
        "movie": {
            "action": "search",
            "content_type": "movies"
        },
        "movie_gender": {
            "action_gender": "contents",
            "content_type": "movies",
            "url": {
                "action": "https://www.dospelis.online/genre/accion/",
                "adventure": "https://www.dospelis.online/genre/aventura/",
                "animation": "https://www.dospelis.online/genre/animacion/",
                "children": "https://www.dospelis.online/genre/kids/",
                "comedy": "https://www.dospelis.online/genre/comedia/",
                "drama": "https://www.dospelis.online/genre/drama/",
                "fantasia": "https://www.dospelis.online/genre/fantasia/",
                "intrigue": "https://www.dospelis.online/genre/misterio/",
                "musical": "https://www.dospelis.online/genre/musical/",
                "romantic": "https://www.dospelis.online/genre/romance/",
                "science-fiction": "https://www.dospelis.online/genre/sci-fi-fantasy/",
                "terror": "https://www.dospelis.online/genre/terror/",
                "war": "https://www.dospelis.online/genre/guerra/",
                "western": "https://www.dospelis.online/genre/western/"
            }
        }
    },
    "newest": {
        "movie": {
            "action": "contents",
            "url": "https://www.dospelis.online/movies/",
            "content_type": "movies"
        },
        "tvshow": {
            "action": "contents",
            "url": "https://www.dospelis.online/tvshows/",
            "content_type": "tvshows"
        },
        "episode": {
            "action": "newest_episodes",
            "url": "https://www.dospelis.online/episodes/",
            "content_type": "episodes"
        }
    },
    "settings": [],
    "version": 2
}