{
    "active": true,
    "adult": false,
    "categories": [
        "movie",
        "tvshow"
    ],
    "changes": [
      {
          "date": "31/08/2020",
          "description": "Reparado cambios en la web"
      },
      {
          "date": "06/04/2020",
          "description": "Reparado fallo en enlaces oficiales"
      },
      {
          "date": "04/04/2020",
          "description": "Reparado movidy"
      },
      {
          "date": "03/01/2020",
          "description": "Primera versión"
      }
    ],
    "id": "movidy",
    "min_version": {
        "main": null,
        "python": null
    },
    "name": "Movidy",
    "search": {
        "movie": {
          "action": "search",
          "content_type": "movies"
        },
        "tvshow": {
          "action": "search",
          "content_type": "tvshows"
        }
    },
    "newest": {
        "movie": {
          "action": "content",
          "url": "peliculas",
          "content_type": "movies"
        },
        "tvshow": {
          "action": "content",
          "url": "series",
          "content_type": "tvshows"
        },
        "episode":{
          "action": "content",
          "url": "series/novedades",
          "content_type": "episodes"
        }
    },
    "settings": [],
    "version": 7
}